scheme,aum,investable_fraction,names_at_cap,weight_moved,effective_n_target,effective_n_capped,btc_eth_sol_weight,max_aum_before_any_cap_binds,first_binding_name
Equal weight,10000000,1,0,0,20,20,0.15,3.65118e+07,SKY
Equal weight,100000000,1,6,0.0976215,20,18.7942,0.169555,3.65118e+07,SKY
Equal weight,1000000000,1,17,0.524049,20,7.09116,0.595535,3.65118e+07,SKY
Inverse vol,10000000,1,0,0,18.0252,18.0252,0.245021,2.7958e+07,COMP
Inverse vol,100000000,1,4,0.0981818,18.0252,16.8283,0.275127,2.7958e+07,COMP
Inverse vol,1000000000,1,17,0.445696,18.0252,6.93564,0.595535,2.7958e+07,COMP
Min-var (LW),10000000,1,0,0,2.65998,2.65998,0.706363,1.19044e+07,COMP
Min-var (LW),100000000,1,3,0.199061,2.65998,1.78708,0.898427,1.19044e+07,COMP
Min-var (LW),1000000000,1,5,0.27506,2.65998,1.50376,0.981423,1.19044e+07,COMP
