symbol,Equal weight,Inverse vol,Min-var (LW)
BTC,0.05,0.0983018,0.613518
ETH,0.05,0.0716864,0.0532219
SOL,0.05,0.0687188,0.0281183
HYPE,0.05,0.052449,2.51087e-18
UNI,0.05,0.0388205,1.29064e-18
AAVE,0.05,0.0463123,0
SKY,0.05,0.0530403,0.0604952
LDO,0.05,0.0422503,0.0166354
LINK,0.05,0.0598137,8.76089e-19
ARB,0.05,0.0295767,0
OP,0.05,0.0436739,0
PENDLE,0.05,0.0497368,0
JUP,0.05,0.0385901,4.00175e-18
CRV,0.05,0.0439487,0
ENA,0.05,0.0321682,0
COMP,0.05,0.0680399,0.146425
AERO,0.05,0.0409456,0.00293623
ONDO,0.05,0.0410394,1.81686e-18
MORPHO,0.05,0.0451423,0.0786498
JTO,0.05,0.0357453,2.07845e-18
