source,key,origin,fetched_at,file,url
coingecko,markets,snapshot,2026-09-28T18:56:25.034221+00:00,data/snapshot/coingecko/markets.json,https://api.coingecko.com/api/v3/coins/markets
coingecko,history_bitcoin,snapshot,2026-09-28T18:56:31.963444+00:00,data/snapshot/coingecko/history_bitcoin.json,https://api.coingecko.com/api/v3/coins/bitcoin/market_chart
coinbase,book_BTC-USD,snapshot,2026-09-28T18:56:38.628224+00:00,data/snapshot/coinbase/book_BTC-USD.json,https://api.exchange.coinbase.com/products/BTC-USD/book
kraken,book_XXBTZUSD,snapshot,2026-09-28T18:56:39.285728+00:00,data/snapshot/kraken/book_XXBTZUSD.json,https://api.kraken.com/0/public/Depth
defillama,bitcoin_dailyFees,snapshot,2026-09-28T18:56:39.873055+00:00,data/snapshot/defillama/bitcoin_dailyFees.json,https://api.llama.fi/summary/fees/bitcoin
defillama,bitcoin_dailyRevenue,snapshot,2026-09-28T18:56:40.098999+00:00,data/snapshot/defillama/bitcoin_dailyRevenue.json,https://api.llama.fi/summary/fees/bitcoin
defillama,bitcoin_dailyHoldersRevenue,snapshot http-400,2026-09-28T19:06:17.372005+00:00,data/snapshot/defillama/bitcoin_dailyHoldersRevenue.json,https://api.llama.fi/summary/fees/bitcoin
coingecko,history_ethereum,snapshot,2026-09-28T18:56:40.882841+00:00,data/snapshot/coingecko/history_ethereum.json,https://api.coingecko.com/api/v3/coins/ethereum/market_chart
coinbase,book_ETH-USD,snapshot,2026-09-28T18:56:47.576897+00:00,data/snapshot/coinbase/book_ETH-USD.json,https://api.exchange.coinbase.com/products/ETH-USD/book
kraken,book_XETHZUSD,snapshot,2026-09-28T18:56:48.166898+00:00,data/snapshot/kraken/book_XETHZUSD.json,https://api.kraken.com/0/public/Depth
defillama,ethereum_dailyFees,snapshot,2026-09-28T18:56:48.784801+00:00,data/snapshot/defillama/ethereum_dailyFees.json,https://api.llama.fi/summary/fees/ethereum
defillama,ethereum_dailyRevenue,snapshot,2026-09-28T18:56:48.973068+00:00,data/snapshot/defillama/ethereum_dailyRevenue.json,https://api.llama.fi/summary/fees/ethereum
defillama,ethereum_dailyHoldersRevenue,snapshot,2026-09-28T18:56:49.141807+00:00,data/snapshot/defillama/ethereum_dailyHoldersRevenue.json,https://api.llama.fi/summary/fees/ethereum
coingecko,history_solana,snapshot,2026-09-28T18:56:49.351254+00:00,data/snapshot/coingecko/history_solana.json,https://api.coingecko.com/api/v3/coins/solana/market_chart
coinbase,book_SOL-USD,snapshot,2026-09-28T18:56:56.053015+00:00,data/snapshot/coinbase/book_SOL-USD.json,https://api.exchange.coinbase.com/products/SOL-USD/book
kraken,book_SOLUSD,snapshot,2026-09-28T18:56:56.586022+00:00,data/snapshot/kraken/book_SOLUSD.json,https://api.kraken.com/0/public/Depth
defillama,solana_dailyFees,snapshot,2026-09-28T18:56:57.166762+00:00,data/snapshot/defillama/solana_dailyFees.json,https://api.llama.fi/summary/fees/solana
defillama,solana_dailyRevenue,snapshot,2026-09-28T18:56:57.324307+00:00,data/snapshot/defillama/solana_dailyRevenue.json,https://api.llama.fi/summary/fees/solana
defillama,solana_dailyHoldersRevenue,snapshot,2026-09-28T18:56:57.482466+00:00,data/snapshot/defillama/solana_dailyHoldersRevenue.json,https://api.llama.fi/summary/fees/solana
coingecko,history_hyperliquid,snapshot,2026-09-28T18:56:57.637153+00:00,data/snapshot/coingecko/history_hyperliquid.json,https://api.coingecko.com/api/v3/coins/hyperliquid/market_chart
coinbase,book_HYPE-USD,snapshot,2026-09-28T18:57:04.361672+00:00,data/snapshot/coinbase/book_HYPE-USD.json,https://api.exchange.coinbase.com/products/HYPE-USD/book
kraken,book_HYPEUSD,snapshot,2026-09-28T18:57:04.866421+00:00,data/snapshot/kraken/book_HYPEUSD.json,https://api.kraken.com/0/public/Depth
defillama,hyperliquid_dailyFees,snapshot,2026-09-28T18:57:05.483631+00:00,data/snapshot/defillama/hyperliquid_dailyFees.json,https://api.llama.fi/summary/fees/hyperliquid
defillama,hyperliquid_dailyRevenue,snapshot,2026-09-28T18:57:05.641275+00:00,data/snapshot/defillama/hyperliquid_dailyRevenue.json,https://api.llama.fi/summary/fees/hyperliquid
defillama,hyperliquid_dailyHoldersRevenue,snapshot,2026-09-28T18:57:05.781621+00:00,data/snapshot/defillama/hyperliquid_dailyHoldersRevenue.json,https://api.llama.fi/summary/fees/hyperliquid
coingecko,history_uniswap,snapshot,2026-09-28T18:57:05.935733+00:00,data/snapshot/coingecko/history_uniswap.json,https://api.coingecko.com/api/v3/coins/uniswap/market_chart
coinbase,book_UNI-USD,snapshot,2026-09-28T18:57:12.669514+00:00,data/snapshot/coinbase/book_UNI-USD.json,https://api.exchange.coinbase.com/products/UNI-USD/book
kraken,book_UNIUSD,snapshot,2026-09-28T18:57:13.166426+00:00,data/snapshot/kraken/book_UNIUSD.json,https://api.kraken.com/0/public/Depth
defillama,uniswap_dailyFees,snapshot,2026-09-28T18:57:13.761931+00:00,data/snapshot/defillama/uniswap_dailyFees.json,https://api.llama.fi/summary/fees/uniswap
defillama,uniswap_dailyRevenue,snapshot,2026-09-28T18:57:13.982199+00:00,data/snapshot/defillama/uniswap_dailyRevenue.json,https://api.llama.fi/summary/fees/uniswap
defillama,uniswap_dailyHoldersRevenue,snapshot,2026-09-28T18:57:14.153456+00:00,data/snapshot/defillama/uniswap_dailyHoldersRevenue.json,https://api.llama.fi/summary/fees/uniswap
coingecko,history_aave,snapshot,2026-09-28T18:57:14.310627+00:00,data/snapshot/coingecko/history_aave.json,https://api.coingecko.com/api/v3/coins/aave/market_chart
coinbase,book_AAVE-USD,snapshot,2026-09-28T18:57:20.984414+00:00,data/snapshot/coinbase/book_AAVE-USD.json,https://api.exchange.coinbase.com/products/AAVE-USD/book
kraken,book_AAVEUSD,snapshot,2026-09-28T18:57:21.512752+00:00,data/snapshot/kraken/book_AAVEUSD.json,https://api.kraken.com/0/public/Depth
defillama,aave_dailyFees,snapshot,2026-09-28T18:57:22.097627+00:00,data/snapshot/defillama/aave_dailyFees.json,https://api.llama.fi/summary/fees/aave
defillama,aave_dailyRevenue,snapshot,2026-09-28T18:57:22.278415+00:00,data/snapshot/defillama/aave_dailyRevenue.json,https://api.llama.fi/summary/fees/aave
defillama,aave_dailyHoldersRevenue,snapshot,2026-09-28T18:57:22.468441+00:00,data/snapshot/defillama/aave_dailyHoldersRevenue.json,https://api.llama.fi/summary/fees/aave
coingecko,history_sky,snapshot,2026-09-28T18:57:22.640376+00:00,data/snapshot/coingecko/history_sky.json,https://api.coingecko.com/api/v3/coins/sky/market_chart
coinbase,book_SKY-USD,snapshot,2026-09-28T18:58:29.446715+00:00,data/snapshot/coinbase/book_SKY-USD.json,https://api.exchange.coinbase.com/products/SKY-USD/book
kraken,book_SKYUSD,snapshot,2026-09-28T18:58:29.972899+00:00,data/snapshot/kraken/book_SKYUSD.json,https://api.kraken.com/0/public/Depth
defillama,sky_dailyFees,snapshot,2026-09-28T18:58:30.557717+00:00,data/snapshot/defillama/sky_dailyFees.json,https://api.llama.fi/summary/fees/sky
defillama,sky_dailyRevenue,snapshot,2026-09-28T18:58:30.713807+00:00,data/snapshot/defillama/sky_dailyRevenue.json,https://api.llama.fi/summary/fees/sky
defillama,sky_dailyHoldersRevenue,snapshot,2026-09-28T18:58:30.877200+00:00,data/snapshot/defillama/sky_dailyHoldersRevenue.json,https://api.llama.fi/summary/fees/sky
coingecko,history_lido-dao,snapshot,2026-09-28T18:58:31.030881+00:00,data/snapshot/coingecko/history_lido-dao.json,https://api.coingecko.com/api/v3/coins/lido-dao/market_chart
coinbase,book_LDO-USD,snapshot,2026-09-28T18:58:37.742441+00:00,data/snapshot/coinbase/book_LDO-USD.json,https://api.exchange.coinbase.com/products/LDO-USD/book
kraken,book_LDOUSD,snapshot,2026-09-28T18:58:38.252146+00:00,data/snapshot/kraken/book_LDOUSD.json,https://api.kraken.com/0/public/Depth
defillama,lido_dailyFees,snapshot,2026-09-28T18:58:38.832697+00:00,data/snapshot/defillama/lido_dailyFees.json,https://api.llama.fi/summary/fees/lido
defillama,lido_dailyRevenue,snapshot,2026-09-28T18:58:38.993541+00:00,data/snapshot/defillama/lido_dailyRevenue.json,https://api.llama.fi/summary/fees/lido
defillama,lido_dailyHoldersRevenue,snapshot,2026-09-28T18:58:39.144545+00:00,data/snapshot/defillama/lido_dailyHoldersRevenue.json,https://api.llama.fi/summary/fees/lido
coingecko,history_chainlink,snapshot,2026-09-28T18:58:39.293868+00:00,data/snapshot/coingecko/history_chainlink.json,https://api.coingecko.com/api/v3/coins/chainlink/market_chart
coinbase,book_LINK-USD,snapshot,2026-09-28T18:58:46.004384+00:00,data/snapshot/coinbase/book_LINK-USD.json,https://api.exchange.coinbase.com/products/LINK-USD/book
kraken,book_LINKUSD,snapshot,2026-09-28T18:58:46.523190+00:00,data/snapshot/kraken/book_LINKUSD.json,https://api.kraken.com/0/public/Depth
defillama,chainlink_dailyFees,snapshot,2026-09-28T18:58:47.110112+00:00,data/snapshot/defillama/chainlink_dailyFees.json,https://api.llama.fi/summary/fees/chainlink
defillama,chainlink_dailyRevenue,snapshot,2026-09-28T18:58:47.289367+00:00,data/snapshot/defillama/chainlink_dailyRevenue.json,https://api.llama.fi/summary/fees/chainlink
defillama,chainlink_dailyHoldersRevenue,snapshot,2026-09-28T18:58:47.437404+00:00,data/snapshot/defillama/chainlink_dailyHoldersRevenue.json,https://api.llama.fi/summary/fees/chainlink
coingecko,history_arbitrum,snapshot,2026-09-28T18:58:47.590626+00:00,data/snapshot/coingecko/history_arbitrum.json,https://api.coingecko.com/api/v3/coins/arbitrum/market_chart
coinbase,book_ARB-USD,snapshot,2026-09-28T18:58:54.328201+00:00,data/snapshot/coinbase/book_ARB-USD.json,https://api.exchange.coinbase.com/products/ARB-USD/book
kraken,book_ARBUSD,snapshot,2026-09-28T18:58:54.903781+00:00,data/snapshot/kraken/book_ARBUSD.json,https://api.kraken.com/0/public/Depth
defillama,arbitrum_dailyFees,snapshot,2026-09-28T18:58:55.491287+00:00,data/snapshot/defillama/arbitrum_dailyFees.json,https://api.llama.fi/summary/fees/arbitrum
defillama,arbitrum_dailyRevenue,snapshot,2026-09-28T18:58:55.650807+00:00,data/snapshot/defillama/arbitrum_dailyRevenue.json,https://api.llama.fi/summary/fees/arbitrum
defillama,arbitrum_dailyHoldersRevenue,snapshot http-400,2026-09-28T19:06:18.017140+00:00,data/snapshot/defillama/arbitrum_dailyHoldersRevenue.json,https://api.llama.fi/summary/fees/arbitrum
coingecko,history_optimism,snapshot,2026-09-28T18:58:56.455643+00:00,data/snapshot/coingecko/history_optimism.json,https://api.coingecko.com/api/v3/coins/optimism/market_chart
coinbase,book_OP-USD,snapshot,2026-09-28T18:59:03.181714+00:00,data/snapshot/coinbase/book_OP-USD.json,https://api.exchange.coinbase.com/products/OP-USD/book
kraken,book_OPUSD,snapshot,2026-09-28T18:59:03.700701+00:00,data/snapshot/kraken/book_OPUSD.json,https://api.kraken.com/0/public/Depth
defillama,op-mainnet_dailyFees,snapshot,2026-09-28T18:59:04.269223+00:00,data/snapshot/defillama/op-mainnet_dailyFees.json,https://api.llama.fi/summary/fees/op-mainnet
defillama,op-mainnet_dailyRevenue,snapshot,2026-09-28T18:59:04.428659+00:00,data/snapshot/defillama/op-mainnet_dailyRevenue.json,https://api.llama.fi/summary/fees/op-mainnet
defillama,op-mainnet_dailyHoldersRevenue,snapshot http-400,2026-09-28T19:06:18.235344+00:00,data/snapshot/defillama/op-mainnet_dailyHoldersRevenue.json,https://api.llama.fi/summary/fees/op-mainnet
coingecko,history_pendle,snapshot,2026-09-28T18:59:04.888268+00:00,data/snapshot/coingecko/history_pendle.json,https://api.coingecko.com/api/v3/coins/pendle/market_chart
coinbase,book_PENDLE-USD,snapshot,2026-09-28T18:59:11.609936+00:00,data/snapshot/coinbase/book_PENDLE-USD.json,https://api.exchange.coinbase.com/products/PENDLE-USD/book
kraken,book_PENDLEUSD,snapshot,2026-09-28T18:59:12.185852+00:00,data/snapshot/kraken/book_PENDLEUSD.json,https://api.kraken.com/0/public/Depth
defillama,pendle_dailyFees,snapshot,2026-09-28T18:59:12.776500+00:00,data/snapshot/defillama/pendle_dailyFees.json,https://api.llama.fi/summary/fees/pendle
defillama,pendle_dailyRevenue,snapshot,2026-09-28T18:59:12.952285+00:00,data/snapshot/defillama/pendle_dailyRevenue.json,https://api.llama.fi/summary/fees/pendle
defillama,pendle_dailyHoldersRevenue,snapshot,2026-09-28T18:59:13.121239+00:00,data/snapshot/defillama/pendle_dailyHoldersRevenue.json,https://api.llama.fi/summary/fees/pendle
coingecko,history_jupiter-exchange-solana,snapshot,2026-09-28T18:59:13.267510+00:00,data/snapshot/coingecko/history_jupiter-exchange-solana.json,https://api.coingecko.com/api/v3/coins/jupiter-exchange-solana/market_chart
kraken,book_JUPUSD,snapshot,2026-09-28T18:59:19.948098+00:00,data/snapshot/kraken/book_JUPUSD.json,https://api.kraken.com/0/public/Depth
defillama,jupiter_dailyFees,snapshot,2026-09-28T18:59:20.533345+00:00,data/snapshot/defillama/jupiter_dailyFees.json,https://api.llama.fi/summary/fees/jupiter
defillama,jupiter_dailyRevenue,snapshot,2026-09-28T18:59:20.703226+00:00,data/snapshot/defillama/jupiter_dailyRevenue.json,https://api.llama.fi/summary/fees/jupiter
defillama,jupiter_dailyHoldersRevenue,snapshot,2026-09-28T18:59:20.862506+00:00,data/snapshot/defillama/jupiter_dailyHoldersRevenue.json,https://api.llama.fi/summary/fees/jupiter
coingecko,history_curve-dao-token,snapshot,2026-09-28T18:59:21.007444+00:00,data/snapshot/coingecko/history_curve-dao-token.json,https://api.coingecko.com/api/v3/coins/curve-dao-token/market_chart
coinbase,book_CRV-USD,snapshot,2026-09-28T19:00:27.936434+00:00,data/snapshot/coinbase/book_CRV-USD.json,https://api.exchange.coinbase.com/products/CRV-USD/book
kraken,book_CRVUSD,snapshot,2026-09-28T19:00:28.461226+00:00,data/snapshot/kraken/book_CRVUSD.json,https://api.kraken.com/0/public/Depth
defillama,curve-finance_dailyFees,snapshot,2026-09-28T19:00:28.968053+00:00,data/snapshot/defillama/curve-finance_dailyFees.json,https://api.llama.fi/summary/fees/curve-finance
defillama,curve-finance_dailyRevenue,snapshot,2026-09-28T19:00:29.186298+00:00,data/snapshot/defillama/curve-finance_dailyRevenue.json,https://api.llama.fi/summary/fees/curve-finance
defillama,curve-finance_dailyHoldersRevenue,snapshot,2026-09-28T19:00:29.403036+00:00,data/snapshot/defillama/curve-finance_dailyHoldersRevenue.json,https://api.llama.fi/summary/fees/curve-finance
coingecko,history_ethena,snapshot,2026-09-28T19:00:29.595099+00:00,data/snapshot/coingecko/history_ethena.json,https://api.coingecko.com/api/v3/coins/ethena/market_chart
coinbase,book_ENA-USD,snapshot,2026-09-28T19:00:36.360864+00:00,data/snapshot/coinbase/book_ENA-USD.json,https://api.exchange.coinbase.com/products/ENA-USD/book
kraken,book_ENAUSD,snapshot,2026-09-28T19:00:36.852577+00:00,data/snapshot/kraken/book_ENAUSD.json,https://api.kraken.com/0/public/Depth
defillama,ethena_dailyFees,snapshot,2026-09-28T19:00:37.455154+00:00,data/snapshot/defillama/ethena_dailyFees.json,https://api.llama.fi/summary/fees/ethena
defillama,ethena_dailyRevenue,snapshot,2026-09-28T19:00:37.608844+00:00,data/snapshot/defillama/ethena_dailyRevenue.json,https://api.llama.fi/summary/fees/ethena
defillama,ethena_dailyHoldersRevenue,snapshot http-400,2026-09-28T19:06:18.755972+00:00,data/snapshot/defillama/ethena_dailyHoldersRevenue.json,https://api.llama.fi/summary/fees/ethena
coingecko,history_compound-governance-token,snapshot,2026-09-28T19:00:39.333785+00:00,data/snapshot/coingecko/history_compound-governance-token.json,https://api.coingecko.com/api/v3/coins/compound-governance-token/market_chart
coinbase,book_COMP-USD,snapshot,2026-09-28T19:00:46.135207+00:00,data/snapshot/coinbase/book_COMP-USD.json,https://api.exchange.coinbase.com/products/COMP-USD/book
kraken,book_COMPUSD,snapshot,2026-09-28T19:00:46.641105+00:00,data/snapshot/kraken/book_COMPUSD.json,https://api.kraken.com/0/public/Depth
defillama,compound-finance_dailyFees,snapshot,2026-09-28T19:00:47.228528+00:00,data/snapshot/defillama/compound-finance_dailyFees.json,https://api.llama.fi/summary/fees/compound-finance
defillama,compound-finance_dailyRevenue,snapshot,2026-09-28T19:00:47.434427+00:00,data/snapshot/defillama/compound-finance_dailyRevenue.json,https://api.llama.fi/summary/fees/compound-finance
defillama,compound-finance_dailyHoldersRevenue,snapshot,2026-09-28T19:00:47.623439+00:00,data/snapshot/defillama/compound-finance_dailyHoldersRevenue.json,https://api.llama.fi/summary/fees/compound-finance
coingecko,history_aerodrome-finance,snapshot,2026-09-28T19:00:47.804165+00:00,data/snapshot/coingecko/history_aerodrome-finance.json,https://api.coingecko.com/api/v3/coins/aerodrome-finance/market_chart
coinbase,book_AERO-USD,snapshot,2026-09-28T19:00:54.491908+00:00,data/snapshot/coinbase/book_AERO-USD.json,https://api.exchange.coinbase.com/products/AERO-USD/book
kraken,book_AEROUSD,snapshot,2026-09-28T19:00:54.989728+00:00,data/snapshot/kraken/book_AEROUSD.json,https://api.kraken.com/0/public/Depth
defillama,aerodrome_dailyFees,snapshot,2026-09-28T19:00:56.317694+00:00,data/snapshot/defillama/aerodrome_dailyFees.json,https://api.llama.fi/summary/fees/aerodrome
defillama,aerodrome_dailyRevenue,snapshot,2026-09-28T19:00:56.470401+00:00,data/snapshot/defillama/aerodrome_dailyRevenue.json,https://api.llama.fi/summary/fees/aerodrome
defillama,aerodrome_dailyHoldersRevenue,snapshot,2026-09-28T19:00:56.620657+00:00,data/snapshot/defillama/aerodrome_dailyHoldersRevenue.json,https://api.llama.fi/summary/fees/aerodrome
coingecko,history_ondo-finance,snapshot,2026-09-28T19:00:56.749057+00:00,data/snapshot/coingecko/history_ondo-finance.json,https://api.coingecko.com/api/v3/coins/ondo-finance/market_chart
coinbase,book_ONDO-USD,snapshot,2026-09-28T19:01:03.511803+00:00,data/snapshot/coinbase/book_ONDO-USD.json,https://api.exchange.coinbase.com/products/ONDO-USD/book
kraken,book_ONDOUSD,snapshot,2026-09-28T19:01:04.017742+00:00,data/snapshot/kraken/book_ONDOUSD.json,https://api.kraken.com/0/public/Depth
defillama,ondo-finance_dailyFees,snapshot,2026-09-28T19:01:10.769336+00:00,data/snapshot/defillama/ondo-finance_dailyFees.json,https://api.llama.fi/summary/fees/ondo-finance
defillama,ondo-finance_dailyRevenue,snapshot,2026-09-28T19:01:11.528587+00:00,data/snapshot/defillama/ondo-finance_dailyRevenue.json,https://api.llama.fi/summary/fees/ondo-finance
defillama,ondo-finance_dailyHoldersRevenue,snapshot,2026-09-28T19:01:12.282703+00:00,data/snapshot/defillama/ondo-finance_dailyHoldersRevenue.json,https://api.llama.fi/summary/fees/ondo-finance
coingecko,history_morpho,snapshot,2026-09-28T19:01:12.427872+00:00,data/snapshot/coingecko/history_morpho.json,https://api.coingecko.com/api/v3/coins/morpho/market_chart
coinbase,book_MORPHO-USD,snapshot,2026-09-28T19:01:19.206430+00:00,data/snapshot/coinbase/book_MORPHO-USD.json,https://api.exchange.coinbase.com/products/MORPHO-USD/book
kraken,book_MORPHOUSD,snapshot,2026-09-28T19:01:19.724931+00:00,data/snapshot/kraken/book_MORPHOUSD.json,https://api.kraken.com/0/public/Depth
defillama,morpho_dailyFees,snapshot,2026-09-28T19:01:20.328475+00:00,data/snapshot/defillama/morpho_dailyFees.json,https://api.llama.fi/summary/fees/morpho
defillama,morpho_dailyRevenue,snapshot,2026-09-28T19:01:21.240391+00:00,data/snapshot/defillama/morpho_dailyRevenue.json,https://api.llama.fi/summary/fees/morpho
defillama,morpho_dailyHoldersRevenue,snapshot,2026-09-28T19:01:22.037391+00:00,data/snapshot/defillama/morpho_dailyHoldersRevenue.json,https://api.llama.fi/summary/fees/morpho
coingecko,history_jito-governance-token,snapshot,2026-09-28T19:01:22.188227+00:00,data/snapshot/coingecko/history_jito-governance-token.json,https://api.coingecko.com/api/v3/coins/jito-governance-token/market_chart
coinbase,book_JTO-USD,snapshot,2026-09-28T19:01:28.940095+00:00,data/snapshot/coinbase/book_JTO-USD.json,https://api.exchange.coinbase.com/products/JTO-USD/book
kraken,book_JTOUSD,snapshot,2026-09-28T19:01:29.574424+00:00,data/snapshot/kraken/book_JTOUSD.json,https://api.kraken.com/0/public/Depth
defillama,jito_dailyFees,snapshot,2026-09-28T19:01:30.153699+00:00,data/snapshot/defillama/jito_dailyFees.json,https://api.llama.fi/summary/fees/jito
defillama,jito_dailyRevenue,snapshot,2026-09-28T19:01:30.367105+00:00,data/snapshot/defillama/jito_dailyRevenue.json,https://api.llama.fi/summary/fees/jito
defillama,jito_dailyHoldersRevenue,snapshot,2026-09-28T19:01:30.537846+00:00,data/snapshot/defillama/jito_dailyHoldersRevenue.json,https://api.llama.fi/summary/fees/jito
