symbol,fees_ann,fees_runrate,fees_coverage_days,revenue_ann,revenue_runrate,revenue_coverage_days,holders_revenue_ann,holders_revenue_runrate,holders_revenue_coverage_days,holders_revenue_reported,take_rate,holder_accrual_ratio,mcap,fdv,float_ratio,p_fees_mcap,p_revenue_mcap,p_holders_rev_mcap,p_fees_fdv,p_revenue_fdv,p_holders_rev_fdv,holder_yield_mcap,fees_runrate_vs_ann,holders_revenue_runrate_vs_ann,accrual_flag,circulating_share_of_total,llama_name,protocol_type,llama_holders_revenue_method
BTC,8.40309e+07,8.24791e+07,339,0,0,146,,,0,False,0,,1.6873e+12,1.6873e+12,1,20079.5,,,20079.5,,,,0.981534,,"FEES, holder revenue not reported",1,Bitcoin,chain,
ETH,2.03484e+08,1.64649e+08,365,6.40264e+07,4.40789e+07,365,6.40264e+07,4.40789e+07,365,True,0.314651,0.314651,3.29211e+11,3.29211e+11,1,1617.87,5141.8,5141.8,1617.87,5141.8,5141.8,0.000194484,0.809146,0.688448,,1,Ethereum,chain,Amount of ETH burned — base fees plus blob fees
SOL,2.39042e+08,2.9366e+08,365,2.78891e+07,3.4349e+07,365,2.78891e+07,3.4349e+07,365,True,0.11667,0.11667,7.05126e+10,7.6158e+10,0.925873,294.98,2528.32,2528.32,318.597,2730.75,2730.75,0.000395519,1.22849,1.23163,,0.925873,Solana,chain,Transaction base fees paid by users were burned
HYPE,9.11267e+08,8.64637e+08,365,6.87911e+08,6.71157e+08,365,6.87911e+08,6.71157e+08,365,True,0.754896,0.754896,1.97487e+10,8.4812e+10,0.232853,21.6717,28.7082,28.7082,93.0704,123.289,123.289,0.0348333,0.948829,0.975645,,0.232853,Hyperliquid,protocol,
UNI,9.64483e+08,2.52632e+09,365,5.23636e+07,1.90672e+08,365,5.23636e+07,1.90672e+08,365,True,0.0542919,0.0542919,5.52645e+09,7.90699e+09,0.698933,5.72997,105.54,105.54,8.19817,151.002,151.002,0.00947508,2.61935,3.64132,,0.698933,Uniswap,protocol,
AAVE,7.3982e+08,4.46814e+08,365,9.58334e+07,6.15103e+07,365,2.04101e+07,0,365,True,0.129536,0.0275879,2.30406e+09,2.3892e+09,0.964365,3.11435,24.0424,112.888,3.22943,24.9308,117.06,0.0088583,0.603949,0,,0.964365,Aave,protocol,
SKY,3.95472e+08,3.28899e+08,365,2.06205e+08,1.63915e+08,365,6.24125e+07,5.9454e+07,365,True,0.521416,0.157818,1.87179e+09,1.87436e+09,0.998627,4.73305,9.0773,29.9906,4.73956,9.08978,30.0318,0.0333438,0.83166,0.952598,,0.998627,Sky,protocol,
LDO,6.27254e+08,6.10099e+08,365,3.59141e+07,3.78786e+07,365,7.05274e+06,2.73406e+07,365,True,0.057256,0.0112438,3.72726e+08,4.49302e+08,0.829568,0.594219,10.3783,52.8484,0.716299,12.5105,63.7059,0.0189221,0.97265,3.87659,,0.829568,Lido,protocol,Tracks LIDO bought back by the DAO as part of the LDO Accumulation Program
LINK,6.27148e+07,5.49007e+07,365,5.87126e+07,5.43229e+07,365,5.87126e+07,5.43229e+07,365,True,0.936184,0.936184,1.13865e+10,1.52205e+10,0.7481,181.559,193.935,193.935,242.694,259.237,259.237,0.00515635,0.875403,0.925233,,0.7481,Chainlink,protocol,
ARB,1.03798e+07,6.81663e+06,365,1.0258e+07,6.79219e+06,365,,,0,False,0.988265,,1.40579e+09,2.07173e+09,0.678557,135.435,137.043,,199.592,201.962,,,0.65672,,"FEES, holder revenue not reported",0.678557,Arbitrum,chain,
OP,1.17122e+06,1.0124e+06,365,1.13154e+06,994114,365,,,0,False,0.966125,,3.13491e+08,5.85501e+08,0.535423,267.663,277.048,,499.909,517.437,,,0.8644,,"FEES, holder revenue not reported",0.535423,OP Mainnet,chain,
PENDLE,1.78916e+07,6.73788e+06,365,1.74386e+07,6.65036e+06,365,1.34268e+07,4.99478e+06,365,True,0.97468,0.750453,4.18834e+08,6.79131e+08,0.616721,23.4095,24.0177,31.1939,37.9581,38.9441,50.5802,0.0320576,0.376594,0.372001,,0.616721,Pendle,protocol,
JUP,2.83501e+08,2.27724e+08,365,8.60383e+07,8.4257e+07,365,4.30092e+07,4.2101e+07,365,True,0.303485,0.151707,1.10453e+09,2.28319e+09,0.483768,3.89604,12.8377,25.6813,8.05353,26.5368,53.0859,0.0389389,0.803256,0.978883,,0.483768,Jupiter,protocol,
CRV,6.22704e+07,4.03808e+07,365,3.01336e+07,1.42929e+07,365,2.94799e+07,1.36229e+07,365,True,0.483915,0.473418,5.69138e+08,8.78083e+08,0.64816,9.13978,18.8872,19.3059,14.1011,29.1397,29.7858,0.0517975,0.648475,0.462107,,0.648157,Curve Finance,protocol,
ENA,2.67424e+08,2.44375e+08,365,2.71065e+06,186968,365,,,0,False,0.0101361,,2.65421e+09,3.94372e+09,0.673021,9.92509,979.179,,14.7471,1454.9,,,0.913812,,"FEES, holder revenue not reported",0.673021,Ethena,protocol,
COMP,2.96786e+07,3.02062e+07,365,2.64897e+06,3.89741e+06,365,0,0,365,True,0.0892553,0,2.37416e+08,2.37416e+08,1,7.99956,89.6256,,7.99956,89.6256,,0,1.01778,,"FEES, ~ZERO HOLDER ACCRUAL",1,Compound Finance,protocol,
AERO,1.30336e+08,2.16246e+08,365,9.3392e+07,1.74128e+08,365,9.3392e+07,1.74128e+08,365,True,0.716549,0.716549,8.21445e+08,1.63999e+09,0.500882,6.30252,8.79566,8.79566,12.5828,17.5603,17.5603,0.113692,1.65914,1.86449,,0.500882,Aerodrome,protocol,
ONDO,6.28478e+07,9.39804e+07,359,3.76226e+06,0,359,3.76226e+06,0,359,True,0.059863,0.059863,2.52982e+09,5.19541e+09,0.486933,40.2531,672.42,672.42,82.6666,1380.93,1380.93,0.00148717,1.49536,0,,0.486933,Ondo Finance,protocol,
MORPHO,2.05213e+08,2.32545e+08,365,0,0,365,0,0,365,True,0,0,1.79803e+09,2.57002e+09,0.699615,8.76174,,,12.5237,,,0,1.13319,,"FEES, ~ZERO HOLDER ACCRUAL",0.699615,Morpho,protocol,
JTO,1.5318e+08,1.16426e+08,365,9.33228e+06,7.22648e+06,365,0,0,365,True,0.0609236,0,2.95905e+08,5.6222e+08,0.526315,1.93175,31.7077,,3.67032,60.2447,,0,0.760058,,"FEES, ~ZERO HOLDER ACCRUAL",0.526315,Jito,protocol,
