symbol,mid,spread_bps,depth_bid_0.5pct_usd,depth_ask_0.5pct_usd,depth_0.5pct_usd,depth_bid_1pct_usd,depth_ask_1pct_usd,depth_1pct_usd,depth_bid_2pct_usd,depth_ask_2pct_usd,depth_2pct_usd,slip_buy_100k_bps,slip_sell_100k_bps,slip_100k_bps,slip_buy_1m_bps,slip_sell_1m_bps,slip_1m_bps,slip_buy_10m_bps,slip_sell_10m_bps,slip_10m_bps,venues,min_venue_coverage_pct,venue_mid_gap_bps,coinbase_share_of_2pct_depth,amihud_bps_per_1m,adv_30d_usd,days_to_liq_10m_at_10pct,days_to_liq_10m_at_20pct
BTC,84005.7,0.00119031,3.06047e+07,3.37142e+07,6.43189e+07,3.29737e+07,3.58264e+07,6.88001e+07,4.18344e+07,4.68227e+07,8.86572e+07,0.00594887,0.00545943,0.00594887,0.213555,0.214282,0.214282,6.16117,4.22697,6.16117,coinbase+kraken,1.86399,1.37074,0.489208,0.00441325,3.01884e+10,0.00331254,0.00165627
ETH,2697.27,0.0370745,1.50727e+07,1.59962e+07,3.10689e+07,1.9032e+07,2.18457e+07,4.08776e+07,2.47836e+07,2.58694e+07,5.0653e+07,1.17694,1.37773,1.37773,2.63151,3.20197,3.20197,14.8822,13.7275,14.8822,coinbase+kraken,2.72406,0.0370745,0.378345,0.0151602,1.27667e+10,0.00783289,0.00391644
SOL,119.915,0.833924,7.41899e+06,6.20171e+06,1.36207e+07,9.34472e+06,8.93415e+06,1.82789e+07,1.34509e+07,1.03316e+07,2.37826e+07,2.60644,2.38416,2.60644,7.45611,7.0353,7.45611,46.3638,39.3974,46.3638,coinbase+kraken,7.5345,0,0.53367,0.0810651,3.26867e+09,0.0305935,0.0152967
HYPE,88.75,1.1267,1.60327e+06,1.12494e+06,2.72821e+06,2.26951e+06,2.08028e+06,4.34979e+06,2.43793e+06,2.58168e+06,5.01961e+06,4.77888,4.98737,4.98737,18.8033,15.82,18.8033,,,,coinbase+kraken,24.2071,1.12676,0.450862,0.546185,1.08335e+09,0.0923063,0.0461532
UNI,8.9084,0.112263,773251,522768,1.29602e+06,1.47141e+06,1.04041e+06,2.51182e+06,2.35341e+06,1.31497e+06,3.66838e+06,9.82069,7.63956,9.82069,50.5236,39.808,50.5236,,,,coinbase+kraken,30.4418,1.6838,0.586528,1.1836,7.57445e+08,0.132023,0.0660114
AAVE,149.298,3.34907,527330,236436,763767,869570,423257,1.29283e+06,1.10523e+06,473903,1.57914e+06,17.6145,9.55601,17.6145,371.385,56.7004,371.385,,,,coinbase+kraken,34.5747,0.334902,0.462822,1.23887,2.55529e+08,0.391345,0.195672
SKY,0.079775,5.01379,54057.1,35055.3,89112.4,124484,99042.2,223526,215409,168907,384316,62.2962,50.6879,62.2962,,,,,,,coinbase+kraken,83.0763,1.25353,0.658904,23.8513,1.33059e+07,7.51546,3.75773
LDO,0.448538,11.8152,55096.3,22468.7,77565,188363,66583.7,254947,219013,166875,385888,72.6064,44.7297,72.6064,,,,,,,coinbase+kraken,85.5097,1.6721,0.347261,9.01444,4.61781e+07,2.16553,1.08276
LINK,15.2895,1.96175,974831,871645,1.84648e+06,2.04782e+06,1.73628e+06,3.7841e+06,3.11018e+06,3.01604e+06,6.12623e+06,7.5945,5.54221,7.5945,30.6324,25.5921,30.6324,,,,coinbase+kraken,18.2379,3.89809,0.382738,0.794711,4.61e+08,0.21692,0.10846
ARB,0.20701,9.6609,272401,171819,444220,571939,376387,948326,793383,546346,1.33973e+06,20.7377,13.1459,20.7377,,118.618,,,,,coinbase+kraken,95.2179,0.966137,0.471324,4.14631,3.60887e+08,0.277095,0.138548
OP,0.136527,7.32332,125007,55695.4,180702,267319,118330,385649,388041,243151,631192,43.4475,25.208,43.4475,,,,,,,coinbase+kraken,99.2674,3.29604,0.596878,7.74617,7.95311e+07,1.25737,0.628685
PENDLE,2.4133,8.28157,113911,29941.9,143853,275284,77659,352943,398288,139773,538060,82.2879,36.704,82.2879,,,,,,,coinbase+kraken,87.5601,14.0886,0.713205,8.47354,6.50208e+07,1.53797,0.768984
JUP,0.33268,28.8566,48081.1,27557.2,75638.2,198434,124968,323402,245086,174764,419850,61.9945,47.3382,61.9945,,,,,,,kraken,99.997,0,,8.57887,7.78298e+07,1.28485,0.642427
CRV,0.365745,2.73486,133054,155927,288981,453927,663065,1.11699e+06,1.10205e+06,1.03386e+06,2.13591e+06,29.64,31.0504,31.0504,89.1392,88.4027,89.1392,,,,coinbase+kraken,61.7838,5.19488,0.144727,6.88192,6.73115e+07,1.48563,0.742815
ENA,0.264082,4.92303,269102,164299,433402,662777,415983,1.07876e+06,1.07295e+06,760932,1.83388e+06,19.8299,14.6733,19.8299,315.18,79.1999,315.18,,,,coinbase+kraken,90.5326,1.32534,0.560901,2.08886,4.67657e+08,0.213832,0.106916
COMP,23.7225,8.4317,43428.6,10845.2,54273.7,89383.1,36997,126380,144161,110088,254249,108.889,60.0814,108.889,,,,,,,coinbase+kraken,83.1823,2.1077,0.577745,15.0614,1.97644e+07,5.0596,2.5298
AERO,0.824885,7.7588,125657,94947.1,220604,427431,189263,616694,576902,306935,883837,36.6415,29.3009,36.6415,,,,,,,coinbase+kraken,90.3019,0.363687,0.763302,11.7123,4.13829e+07,2.41646,1.20823
ONDO,0.519408,4.42934,501973,434339,936312,1.04579e+06,849239,1.89503e+06,1.32463e+06,1.28253e+06,2.60716e+06,11.1884,11.045,11.1884,63.3145,48.4203,63.3145,,,,coinbase+kraken,36.0712,5.48702,0.44963,2.88084,1.12415e+08,0.889559,0.444779
MORPHO,2.5708,7.38538,56563.9,39778.2,96342.1,131776,129662,261438,173194,200085,373279,48.7224,45.6216,48.7224,,,,,,,coinbase+kraken,85.2292,14.3729,0.314756,12.4617,3.40852e+07,2.93382,1.46691
JTO,0.560625,6.77906,52294.2,37948.1,90242.3,125799,88537.9,214337,198712,167451,366163,62.3186,45.9205,62.3186,,,,,,,coinbase+kraken,86.6239,2.67559,0.613493,12.9511,3.46729e+07,2.88409,1.44205
