date,eligible_count,effective_n_target,max_aum_before_any_cap_usd,first_binding_name,effective_n_10m,names_at_cap_10m,weight_moved_10m,investable_10m,effective_n_100m,names_at_cap_100m,weight_moved_100m,investable_100m,effective_n_1b,names_at_cap_1b,weight_moved_1b,investable_1b
2016-01-01,1,1,3.14375e+06,BTC,1,1,0.685625,0.314375,1,1,0.968562,0.0314375,1,1,0.996856,0.00314375
2016-02-01,1,1,2.7326e+06,BTC,1,1,0.72674,0.27326,1,1,0.972674,0.027326,1,1,0.997267,0.0027326
2016-03-01,2,1.72218,2.51148e+06,ETH,1.39423,2,0.559112,0.440887,1.39423,2,0.955911,0.0440888,1.39423,2,0.995591,0.00440888
2016-04-01,2,1.57985,6.43775e+06,BTC,1.82478,2,0.269965,0.744935,1.82478,2,0.925506,0.0744935,1.82478,2,0.992551,0.00744935
2016-05-01,2,1.35723,4.29249e+06,BTC,1.67463,2,0.497045,0.502955,1.67463,2,0.949704,0.0502955,1.67463,2,0.99497,0.00502955
2016-06-01,2,1.48357,5.91579e+06,BTC,1.76733,2,0.324694,0.690185,1.76733,2,0.930982,0.0690185,1.76733,2,0.993098,0.00690185
2016-07-01,2,1.72013,6.73531e+06,ETH,1.47299,1,0.0973908,1,1.41615,2,0.887722,0.112278,1.41615,2,0.988772,0.0112277
2016-08-01,2,1.75036,5.8715e+06,ETH,1.43685,2,0.128467,0.977155,1.43685,2,0.902285,0.0977155,1.43685,2,0.990228,0.00977155
2016-09-01,2,1.74538,2.10777e+06,ETH,1.28573,2,0.488445,0.511555,1.28573,2,0.948844,0.0511556,1.28573,2,0.994884,0.00511555
2016-10-01,2,1.67591,2.29478e+06,ETH,1.2956,2,0.510513,0.489487,1.2956,2,0.951051,0.0489487,1.2956,2,0.995105,0.00489487
2016-11-01,4,2.55589,650098,ETC,1.59018,4,0.546056,0.453944,1.59018,4,0.954606,0.0453944,1.59018,4,0.995461,0.00453944
2016-12-01,5,3.81769,341171,ETC,1.47087,5,0.48267,0.618476,1.47087,5,0.938152,0.0618476,1.47087,5,0.993815,0.00618476
2017-01-01,4,3.41571,227563,XRP,1.32662,4,0.511305,0.707793,1.32662,4,0.929221,0.0707793,1.32662,4,0.992922,0.00707793
2017-02-01,3,2.8193,1.72731e+06,XMR,1.29281,2,0.439987,1,1.25087,3,0.885507,0.114493,1.25087,3,0.988551,0.0114493
2017-03-01,5,4.54799,391722,XRP,1.33883,4,0.625267,1,1.31339,5,0.893136,0.106864,1.31339,5,0.989314,0.0106864
2017-04-01,6,5.68972,3.11002e+06,ETC,4.03008,3,0.286612,1,1.97666,6,0.630468,0.385055,1.97666,6,0.961494,0.0385055
2017-05-01,8,6.84424,3.57794e+06,ZEC,4.97597,4,0.260911,1,2.62077,8,0.681642,0.318358,2.62077,8,0.968164,0.0318358
2017-06-01,14,12.1622,1.91696e+06,MAID,10.4897,4,0.166068,1,3.54787,11,0.548549,1,2.86717,14,0.856063,0.143937
2017-07-01,16,13.768,3.11841e+06,MAID,12.505,3,0.131283,1,3.87935,13,0.540263,1,2.90947,16,0.831139,0.168861
2017-08-01,16,14.7401,1.59101e+06,DCR,11.1114,6,0.241357,1,3.45366,14,0.600402,1,3.20799,16,0.88178,0.11822
2017-09-01,15,14.4651,2.30873e+06,DOGE,12.0276,7,0.175197,1,3.65422,13,0.575352,1,2.58391,15,0.832824,0.167176
2017-10-01,15,14.5308,1.41012e+06,GNT,9.8722,7,0.287825,1,4.58649,13,0.527115,1,3.04412,15,0.834708,0.165292
2017-11-01,18,16.2759,2.05444e+06,MAID,14.0227,4,0.158557,1,6.00566,16,0.481702,1,2.63909,18,0.826626,0.193888
2017-12-01,20,18.4704,3.00861e+06,MAID,16.2703,5,0.133595,1,10.9898,14,0.321419,1,3.08548,20,0.736152,0.479332
2018-01-01,20,18.7444,9.44926e+06,KNC,18.7323,2,0.00341127,1,14.5737,8,0.201667,1,4.01397,19,0.59067,1
2018-02-01,20,18.4412,2.68192e+07,POWR,18.4412,0,0,1,16.8934,5,0.0831135,1,4.63762,18,0.566303,1
2018-03-01,20,18.8805,1.39692e+07,XEM,18.8805,0,0,1,14.9552,12,0.21521,1,3.23701,20,0.689534,0.674034
2018-04-01,20,19.1637,8.69496e+06,ZRX,19.1045,1,0.00520982,1,12.76,14,0.288061,1,2.40743,20,0.751996,0.465239
2018-05-01,20,19.4062,2.46213e+07,AION,19.4062,0,0,1,15.4529,11,0.215906,1,2.81445,20,0.738721,0.438939
2018-06-01,20,19.1477,2.2832e+07,BTG,19.1477,0,0,1,12.6686,16,0.259221,1,2.83199,20,0.756505,0.413379
2018-07-01,20,19.1728,1.07616e+07,XVG,19.1728,0,0,1,8.8695,17,0.373361,1,2.83138,20,0.803742,0.260471
2018-08-01,20,19.0823,1.07818e+07,OMG,19.0823,0,0,1,9.91998,17,0.318987,1,2.74435,20,0.815346,0.253048
2018-09-01,20,19.0447,8.03028e+06,OMG,18.9664,2,0.0127901,1,7.33932,18,0.415821,1,2.41527,20,0.823935,0.248127
2018-10-01,20,18.6304,1.26894e+07,ZIL,18.6304,0,0,1,10.0865,16,0.315377,1,3.06694,20,0.772366,0.285503
2018-11-01,20,17.9911,1.85593e+07,VET,17.9911,0,0,1,11.218,13,0.307226,1,4.1001,20,0.746512,0.263957
2018-12-01,20,19.3637,1.15574e+07,VET,19.3637,0,0,1,12.7286,11,0.329586,1,4.90974,20,0.702768,0.366372
2019-01-01,20,19.63,6.15868e+06,QTUM,19.4117,2,0.0235855,1,11.4425,13,0.374945,1,5.09065,20,0.742158,0.298507
2019-02-01,20,19.5485,4.52734e+06,ZRX,19.2313,1,0.0276223,1,13.2854,13,0.288502,1,6.69886,20,0.721614,0.287981
2019-03-01,20,19.3411,8.4855e+06,OMG,19.3097,1,0.00761469,1,12.8315,13,0.307801,1,5.37327,20,0.766794,0.248867
2019-04-01,20,19.0154,2.42065e+06,BTG,18.4422,1,0.0412964,1,15.1329,12,0.223727,1,5.50204,20,0.676702,0.410709
2019-05-01,20,19.1395,6.17616e+07,ZEC,19.1395,0,0,1,18.1463,8,0.0977975,1,5.22629,20,0.623669,0.548978
2019-06-01,20,19.4565,6.95804e+07,ZEC,19.4565,0,0,1,19.3317,4,0.0387352,1,4.3212,20,0.531435,0.92335
2019-07-01,20,19.5331,7.0421e+07,AE,19.5331,0,0,1,19.4177,3,0.0340849,1,4.23641,20,0.540261,0.88492
2019-08-01,20,19.3083,5.56865e+07,AE,19.3083,0,0,1,19.104,5,0.0662993,1,2.87304,20,0.604763,0.886293
2019-09-01,20,19.3244,1.81961e+07,XLM,19.3244,0,0,1,15.3728,12,0.231856,1,2.66121,20,0.746298,0.502579
2019-10-01,20,19.6361,1.83227e+07,XLM,19.6361,0,0,1,12.834,14,0.322949,1,2.79279,20,0.777685,0.387283
2019-11-01,20,19.6375,1.22283e+07,DASH,19.6375,0,0,1,12.3614,14,0.335096,1,3.1103,20,0.782915,0.334619
2019-12-01,20,19.5296,2.19552e+07,SNT,19.5296,0,0,1,13.7337,14,0.292002,1,2.66761,20,0.779719,0.383016
2020-01-01,20,19.4777,8.70077e+06,AE,19.4298,1,0.00564577,1,10.2747,16,0.379555,1,2.28409,20,0.840763,0.278492
2020-02-01,20,18.5726,1.95173e+07,VET,18.5726,0,0,1,13.0897,12,0.304289,1,3.41105,20,0.717904,0.463655
2020-03-01,20,18.713,5.94984e+07,OMG,18.713,0,0,1,18.1701,5,0.0610382,1,4.18072,20,0.530463,0.902895
2020-04-01,20,19.5471,3.44247e+07,OMG,19.5471,0,0,1,17.5158,8,0.163002,1,2.85567,20,0.659354,0.810818
2020-05-01,20,19.7855,3.90383e+07,XLM,19.7855,0,0,1,17.5075,9,0.185089,1,2.90165,20,0.732236,0.610165
2020-06-01,20,19.6811,4.01762e+06,DOGE,19.5669,1,0.0401266,1,17.0847,9,0.187996,1,2.20902,20,0.764556,0.638706
2020-07-01,20,19.5049,2.23332e+07,MCO,19.5049,0,0,1,16.6933,10,0.174735,1,2.26506,20,0.795217,0.476466
2020-08-01,20,19.0379,6.56905e+07,NEO,19.0379,0,0,1,18.7927,3,0.0302298,1,3.06515,20,0.715962,0.548581
2020-09-01,20,18.256,7.09402e+07,CRO,18.256,0,0,1,18.2867,1,0.0193358,1,3.33153,20,0.586975,0.971755
2020-10-01,20,18.3385,3.69676e+07,KNC,18.3385,0,0,1,17.5878,3,0.0811547,1,3.31697,20,0.65972,0.693833
2020-11-01,20,17.3292,6.42895e+07,NEO,17.3292,0,0,1,16.9119,4,0.0294781,1,3.1794,20,0.670453,0.582366
2020-12-01,20,18.5576,6.72451e+07,JST,18.5576,0,0,1,18.3475,4,0.0412785,1,3.27204,19,0.566115,1
2021-01-01,20,18.2377,8.26608e+07,BTT,18.2377,0,0,1,18.2262,1,0.0100984,1,5.18984,18,0.542379,1
2021-02-01,20,18.3576,1.83419e+08,XMR,18.3576,0,0,1,18.3576,0,0,1,14.184,12,0.289449,1
2021-03-01,20,19.208,4.40044e+08,YFI,19.208,0,0,1,19.208,0,0,1,18.0136,8,0.103819,1
2021-04-01,20,18.7343,3.70084e+08,BSV,18.7343,0,0,1,18.7343,0,0,1,16.7383,10,0.138851,1
2021-05-01,20,18.0831,6.38638e+08,SUSHI,18.0831,0,0,1,18.0831,0,0,1,17.8765,2,0.0181405,1
2021-06-01,20,18.2231,1.03948e+09,THETA,18.2231,0,0,1,18.2231,0,0,1,18.2231,0,0,1
2021-07-01,20,18.631,4.46614e+08,XLM,18.631,0,0,1,18.631,0,0,1,17.4469,9,0.0919842,1
2021-08-01,20,19.0159,2.51933e+08,BTT,19.0159,0,0,1,19.0159,0,0,1,12.0673,17,0.259786,1
2021-09-01,20,18.7688,6.14846e+08,TRX,18.7688,0,0,1,18.7688,0,0,1,18.7358,5,0.0651526,1
2021-10-01,20,18.7234,6.02103e+08,BTT,18.7234,0,0,1,18.7234,0,0,1,18.5211,4,0.0545307,1
2021-11-01,20,18.6939,6.30164e+08,ETC,18.6939,0,0,1,18.6939,0,0,1,18.5372,2,0.0325827,1
2021-12-01,20,18.4877,5.70886e+08,EOS,18.4877,0,0,1,18.4877,0,0,1,18.2903,2,0.0232088,1
2022-01-01,20,17.9128,6.17586e+08,FIL,17.9128,0,0,1,17.9128,0,0,1,17.6928,5,0.0425371,1
2022-02-01,20,18.1598,6.61535e+08,LTC,18.1598,0,0,1,18.1598,0,0,1,18.1124,4,0.0410958,1
2022-03-01,20,18.4703,4.33569e+08,TRX,18.4703,0,0,1,18.4703,0,0,1,18.3011,6,0.0890366,1
2022-04-01,20,18.7195,3.44523e+08,TRX,18.7195,0,0,1,18.7195,0,0,1,16.883,13,0.187562,1
2022-05-01,20,18.7434,3.36388e+08,LINK,18.7434,0,0,1,18.7434,0,0,1,15.4383,15,0.206064,1
2022-06-01,20,18.1589,4.18956e+08,LTC,18.1589,0,0,1,18.1589,0,0,1,11.6151,17,0.221962,1
2022-07-01,20,18.6938,2.41634e+08,ATOM,18.6938,0,0,1,18.6938,0,0,1,7.62443,18,0.366291,1
2022-08-01,20,18.7434,2.28225e+08,LTC,18.7434,0,0,1,18.7434,0,0,1,5.81966,18,0.452498,1
2022-09-01,20,18.8412,1.37893e+08,TRX,18.8412,0,0,1,18.8412,0,0,1,5.21039,18,0.502123,1
2022-10-01,20,18.7261,2.15236e+08,SAND,18.7261,0,0,1,18.7261,0,0,1,5.17001,18,0.475738,1
2022-11-01,20,18.9108,8.95266e+07,SAND,18.9108,0,0,1,18.9124,1,0.00588376,1,3.69694,18,0.614417,1
2022-12-01,20,18.1962,1.13562e+08,TRX,18.1962,0,0,1,18.1962,0,0,1,6.11201,18,0.50062,1
2023-01-01,20,18.2473,6.24066e+07,TRX,18.2473,0,0,1,18.7236,8,0.0831535,1,2.66561,19,0.668498,1
2023-02-01,20,18.1809,8.83819e+07,TRX,18.1809,0,0,1,18.4237,1,0.0105935,1,5.23529,18,0.529788,1
2023-03-01,20,17.5503,2.09705e+08,LINK,17.5503,0,0,1,17.5503,0,0,1,5.37564,18,0.455795,1
2023-04-01,20,17.2552,1.64389e+08,DOT,17.2552,0,0,1,17.2552,0,0,1,4.90388,18,0.4833,1
2023-05-01,20,17.7786,1.23393e+08,LDO,17.7786,0,0,1,17.7786,0,0,1,3.72549,19,0.563335,1
2023-06-01,20,17.9449,7.72341e+07,SHIB,17.9449,0,0,1,18.0798,3,0.0387,1,2.43435,20,0.690593,0.972794
2023-07-01,20,18.1076,6.21941e+07,TRX,18.1076,0,0,1,18.4734,2,0.0379174,1,2.69213,19,0.637777,1
2023-08-01,20,17.8852,6.57906e+07,CFX,17.8852,0,0,1,17.8209,4,0.036777,1,3.00441,20,0.633891,0.893938
2023-09-01,20,17.6126,5.93918e+07,TRX,17.6126,0,0,1,18.1084,3,0.0425158,1,2.80474,20,0.645146,0.852181
2023-10-01,20,17.1306,4.74777e+07,TRX,17.1306,0,0,1,16.9084,8,0.0882777,1,2.61126,20,0.710641,0.645546
2023-11-01,20,17.6212,6.55885e+07,TRX,17.6212,0,0,1,18.1026,4,0.0459103,1,2.53959,20,0.676538,0.932654
2023-12-01,20,17.5285,1.01382e+08,BCH,17.5285,0,0,1,17.5285,0,0,1,6.03824,17,0.491223,1
2024-01-01,20,18.2632,1.95116e+08,LTC,18.2632,0,0,1,18.2632,0,0,1,8.9771,17,0.364642,1
2024-02-01,20,17.4418,1.86077e+08,LTC,17.4418,0,0,1,17.4418,0,0,1,8.36983,17,0.355278,1
2024-03-01,20,17.5241,2.68695e+08,DOT,17.5241,0,0,1,17.5241,0,0,1,7.42582,17,0.386267,1
2024-04-01,20,19.0172,4.86507e+08,OP,19.0172,0,0,1,19.0172,0,0,1,16.463,13,0.143523,1
2024-05-01,20,18.0134,3.09746e+08,LINK,18.0134,0,0,1,18.0134,0,0,1,12.0353,15,0.279648,1
2024-06-01,20,18.0575,2.23925e+08,LTC,18.0575,0,0,1,18.0575,0,0,1,9.37121,16,0.375073,1
2024-07-01,20,17.4368,1.59606e+08,LTC,17.4368,0,0,1,17.4368,0,0,1,6.85872,18,0.440053,1
2024-08-01,20,17.4038,1.98053e+08,ARB,17.4038,0,0,1,17.4038,0,0,1,7.31721,17,0.39929,1
2024-09-01,20,17.5681,1.35143e+08,TRX,17.5681,0,0,1,17.5681,0,0,1,6.53505,17,0.474112,1
2024-10-01,20,17.6424,9.98252e+07,TRX,17.6424,0,0,1,17.6478,1,0.000176779,1,5.42735,18,0.506259,1
2024-11-01,20,17.6053,9.68659e+07,TRX,17.6053,0,0,1,17.7038,1,0.00321148,1,7.46939,18,0.451449,1
2024-12-01,20,17.6051,3.66867e+08,AAVE,17.6051,0,0,1,17.6051,0,0,1,14.9258,11,0.19682,1
2025-01-01,20,17.1691,5.49579e+08,APT,17.1691,0,0,1,17.1691,0,0,1,15.885,9,0.115404,1
2025-02-01,20,17.0005,4.32366e+08,BONK,17.0005,0,0,1,17.0005,0,0,1,14.0122,13,0.20141,1
2025-03-01,20,17.4099,2.99171e+08,SHIB,17.4099,0,0,1,17.4099,0,0,1,12.4943,14,0.222539,1
2025-04-01,20,17.8932,2.00945e+08,SHIB,17.8932,0,0,1,17.8932,0,0,1,10.2035,16,0.366998,1
2025-05-01,20,17.5545,1.81915e+08,SHIB,17.5545,0,0,1,17.5545,0,0,1,9.43149,16,0.406628,1
2025-06-01,20,16.9761,2.12709e+08,XLM,16.9761,0,0,1,16.9761,0,0,1,12.7554,13,0.339714,1
2025-07-01,20,16.1624,1.58622e+08,XLM,16.1624,0,0,1,16.1624,0,0,1,9.06667,16,0.41651,1
2025-08-01,20,15.6532,3.18616e+08,BCH,15.6532,0,0,1,15.6532,0,0,1,12.4841,13,0.246166,1
2025-09-01,20,16.0816,3.63259e+08,TRX,16.0816,0,0,1,16.0816,0,0,1,14.2254,12,0.192467,1
2025-10-01,20,16.5347,2.34292e+08,TRUMP,16.5347,0,0,1,16.5347,0,0,1,11.1206,15,0.25628,1
2025-11-01,20,16.7339,2.87032e+08,TRX,16.7339,0,0,1,16.7339,0,0,1,12.0306,14,0.267346,1
2025-12-01,20,16.3759,1.85552e+08,TRX,16.3759,0,0,1,16.3759,0,0,1,10.2215,14,0.335279,1
2026-01-01,20,15.7008,1.20017e+08,TRX,15.7008,0,0,1,15.7008,0,0,1,7.90634,16,0.423327,1
2026-02-01,20,16.6614,1.35393e+08,TRX,16.6614,0,0,1,16.6614,0,0,1,8.17305,16,0.433015,1
2026-03-01,20,16.4401,1.09607e+08,TRX,16.4401,0,0,1,16.4401,0,0,1,6.84642,17,0.520597,1
2026-04-01,20,17.1963,8.98003e+07,TRX,17.1963,0,0,1,17.7759,2,0.0147583,1,5.20879,18,0.593058,1
2026-05-01,20,16.1841,7.19762e+07,TRX,16.1841,0,0,1,18.0541,3,0.0554426,1,4.38055,18,0.617518,1
2026-06-01,20,17.1044,9.61298e+07,LTC,17.1044,0,0,1,17.132,1,0.00289934,1,4.70477,18,0.55992,1
2026-07-01,20,16.0027,1.07491e+08,TRX,16.0027,0,0,1,16.0027,0,0,1,5.15344,18,0.546858,1
2026-08-01,20,16.0002,6.26872e+07,TRX,16.0002,0,0,1,17.3488,3,0.0521582,1,3.15571,19,0.622863,1
2026-09-01,20,14.6561,5.58111e+07,TRX,14.6561,0,0,1,17.3938,3,0.0880049,1,2.93127,19,0.639381,1
2026-10-01,20,13.6436,4.64634e+07,TRX,13.6436,0,0,1,17.319,1,0.0969448,1,7.86188,16,0.479639,1
