date,BTC_amihud_bps_per_1m,BTC_median_volume_usd,ETH_amihud_bps_per_1m,ETH_median_volume_usd
2016-01-01,11.8695,1.339e+07,,
2016-02-01,10.4869,1.4068e+07,,
2016-03-01,9.6278,1.4986e+07,,
2016-04-01,8.73296,1.713e+07,,
2016-05-01,7.71333,2.1893e+07,,
2016-06-01,6.77568,2.7343e+07,,
2016-07-01,6.04936,3.0964e+07,770.764,2.3324e+06
2016-08-01,5.3695,3.4584e+07,705.751,5.0891e+06
2016-09-01,4.53417,3.7169e+07,634.29,7.2392e+06
2016-10-01,3.91726,4.0558e+07,474.16,8.1972e+06
2016-11-01,3.34563,4.232e+07,231.936,8.9904e+06
2016-12-01,2.84061,4.4535e+07,167.334,9.4154e+06
2017-01-01,2.56209,4.6602e+07,65.4789,1.025e+07
2017-02-01,2.23591,4.9838e+07,31.0484,1.0912e+07
2017-03-01,2.0385,5.3581e+07,24.6216,1.0994e+07
2017-04-01,1.98402,5.8686e+07,22.9578,1.0995e+07
2017-05-01,1.85165,6.7743e+07,20.8796,1.1745e+07
2017-06-01,1.71399,8.3486e+07,19.6448,1.2308e+07
2017-07-01,1.52467,9.095e+07,18.4227,1.3802e+07
2017-08-01,1.43537,1.1069e+08,16.8452,1.562e+07
2017-09-01,1.28224,1.6378e+08,14.7925,2.5788e+07
2017-10-01,1.19006,2.6238e+08,12.7288,6.786e+07
2017-11-01,1.00723,4.1565e+08,11.0666,1.4467e+08
2017-12-01,0.833682,5.6441e+08,8.34754,2.2528e+08
2018-01-01,0.694492,7.1154e+08,5.29042,2.9396e+08
2018-02-01,0.525092,8.0616e+08,3.44502,3.6147e+08
2018-03-01,0.41224,9.8977e+08,2.1228,4.3286e+08
2018-04-01,0.314962,1.2372e+09,1.23802,5.3418e+08
2018-05-01,0.279424,1.7272e+09,0.881814,5.777e+08
2018-06-01,0.242186,2.1017e+09,0.648555,6.5115e+08
2018-07-01,0.220384,2.1304e+09,0.621549,6.314e+08
2018-08-01,0.173374,2.165e+09,0.560155,6.2131e+08
2018-09-01,0.155182,2.1807e+09,0.582035,6.0201e+08
2018-10-01,0.131101,2.2042e+09,0.570411,6.0412e+08
2018-11-01,0.116317,2.2069e+09,0.560798,6.0591e+08
2018-12-01,0.117812,2.1e+09,0.600884,5.5319e+08
2019-01-01,0.135967,1.8101e+09,0.718427,5.0493e+08
2019-02-01,0.14638,1.6148e+09,0.791286,4.5537e+08
2019-03-01,0.144081,1.4729e+09,0.822313,4.1519e+08
2019-04-01,0.13887,1.3822e+09,0.818772,3.9907e+08
2019-05-01,0.134687,1.3751e+09,0.789376,4.0281e+08
2019-06-01,0.13349,1.3826e+09,0.772329,4.0281e+08
2019-07-01,0.127113,1.4383e+09,0.738477,4.1684e+08
2019-08-01,0.12163,1.5554e+09,0.71299,4.4905e+08
2019-09-01,0.116148,1.6481e+09,0.679147,4.7334e+08
2019-10-01,0.113873,1.8718e+09,0.645516,4.8565e+08
2019-11-01,0.117145,1.9816e+09,0.645499,5.0058e+08
2019-12-01,0.109657,2.1065e+09,0.599101,5.0174e+08
2020-01-01,0.0910959,2.2132e+09,0.516249,4.923e+08
2020-02-01,0.0812744,2.3767e+09,0.471598,5.0174e+08
2020-03-01,0.0747642,2.6591e+09,0.429861,5.7543e+08
2020-04-01,0.0772506,2.9477e+09,0.424895,6.739e+08
2020-05-01,0.0760273,3.1175e+09,0.422415,7.0526e+08
2020-06-01,0.0738225,3.1688e+09,0.428036,6.8874e+08
2020-07-01,0.0710226,3.0732e+09,0.424328,6.6701e+08
2020-08-01,0.0674177,2.9729e+09,0.411664,6.4714e+08
2020-09-01,0.0635007,3.1069e+09,0.382929,7.2803e+08
2020-10-01,0.0617842,3.2348e+09,0.363312,8.2085e+08
2020-11-01,0.0579269,3.3087e+09,0.335846,9.3444e+08
2020-12-01,0.0548723,3.5772e+09,0.308979,1.0843e+09
2021-01-01,0.0513449,3.903e+09,0.256818,1.2264e+09
2021-02-01,0.0460826,4.1603e+09,0.21421,1.4009e+09
2021-03-01,0.0433388,4.4366e+09,0.196515,1.456e+09
2021-04-01,0.0370259,4.9179e+09,0.167744,1.7193e+09
2021-05-01,0.0329639,5.6742e+09,0.147604,2.0566e+09
2021-06-01,0.0294991,7.2369e+09,0.125919,2.7423e+09
2021-07-01,0.0277129,1.1505e+10,0.111451,4.7291e+09
2021-08-01,0.0267532,1.2266e+10,0.0966161,5.6865e+09
2021-09-01,0.0254452,1.3812e+10,0.0863363,6.5786e+09
2021-10-01,0.0234945,1.4744e+10,0.0742962,7.3216e+09
2021-11-01,0.0213126,1.5385e+10,0.062404,7.5917e+09
2021-12-01,0.0191194,1.6242e+10,0.0512936,7.9883e+09
2022-01-01,0.017496,1.6293e+10,0.0418794,8.3726e+09
2022-02-01,0.0169594,1.5604e+10,0.040566,8.0837e+09
2022-03-01,0.0179478,1.4682e+10,0.0415569,7.8265e+09
2022-04-01,0.0186387,1.3793e+10,0.0410414,7.808e+09
2022-05-01,0.0195515,1.259e+10,0.0414719,7.4875e+09
2022-06-01,0.0207322,1.1917e+10,0.0440096,7.2326e+09
2022-07-01,0.0210598,1.1262e+10,0.0453951,6.9012e+09
2022-08-01,0.0208651,1.1433e+10,0.0464745,6.9042e+09
2022-09-01,0.0207064,1.0969e+10,0.0473597,6.6898e+09
2022-10-01,0.0202893,1.0969e+10,0.0472325,6.6338e+09
2022-11-01,0.0199384,1.0699e+10,0.0486165,6.2906e+09
2022-12-01,0.0199549,1.0483e+10,0.0510557,5.964e+09
2023-01-01,0.0195813,1.0064e+10,0.0537095,5.5825e+09
2023-02-01,0.019255,1.0215e+10,0.0550949,5.3403e+09
2023-03-01,0.0178995,1.0483e+10,0.0557659,4.9663e+09
2023-04-01,0.0174325,1.0682e+10,0.0569119,4.6227e+09
2023-05-01,0.0173316,1.0472e+10,0.0572964,4.3438e+09
2023-06-01,0.0169633,1.0015e+10,0.0563381,3.9004e+09
2023-07-01,0.0165591,9.5817e+09,0.0570144,3.5585e+09
2023-08-01,0.0159654,9.1061e+09,0.0561697,3.1756e+09
2023-09-01,0.0160403,8.2652e+09,0.0575559,2.9229e+09
2023-10-01,0.0165762,7.3714e+09,0.0591047,2.5735e+09
2023-11-01,0.0173729,6.869e+09,0.06018,2.3987e+09
2023-12-01,0.0176362,6.4253e+09,0.0586793,2.4094e+09
2024-01-01,0.0181186,6.6466e+09,0.0570451,2.562e+09
2024-02-01,0.0184098,6.7977e+09,0.0554847,2.6242e+09
2024-03-01,0.0185608,6.6271e+09,0.0528453,2.7272e+09
2024-04-01,0.0182133,6.8474e+09,0.0503712,2.7738e+09
2024-05-01,0.017445,7.2505e+09,0.0491154,3.0294e+09
2024-06-01,0.0168526,8.2554e+09,0.0475926,3.4627e+09
2024-07-01,0.0160306,8.8283e+09,0.0438606,3.9506e+09
2024-08-01,0.0160751,9.6275e+09,0.0422711,4.5546e+09
2024-09-01,0.0160673,1.0487e+10,0.0401388,5.0673e+09
2024-10-01,0.0153727,1.136e+10,0.0380152,5.407e+09
2024-11-01,0.0148798,1.21e+10,0.0358119,5.7579e+09
2024-12-01,0.0140706,1.2947e+10,0.0339435,6.3903e+09
2025-01-01,0.013183,1.3491e+10,0.0315398,6.9893e+09
2025-02-01,0.0126668,1.4169e+10,0.0299904,7.2708e+09
2025-03-01,0.0123479,1.4401e+10,0.0296917,7.5534e+09
2025-04-01,0.0127644,1.3749e+10,0.030495,7.44e+09
2025-05-01,0.0129454,1.3442e+10,0.0312461,7.3658e+09
2025-06-01,0.0124454,1.3583e+10,0.0306298,7.5875e+09
2025-07-01,0.0122009,1.3491e+10,0.0308389,7.7973e+09
2025-08-01,0.0115709,1.3617e+10,0.0300118,8.0953e+09
2025-09-01,0.0110746,1.3679e+10,0.0288793,9.0175e+09
2025-10-01,0.010499,1.3793e+10,0.0269801,9.9188e+09
2025-11-01,0.0101658,1.4401e+10,0.0261213,1.0526e+10
2025-12-01,0.0103507,1.4066e+10,0.0263149,1.0373e+10
2026-01-01,0.0105578,1.3547e+10,0.0273054,9.7902e+09
2026-02-01,0.0108534,1.3194e+10,0.0277327,9.1862e+09
2026-03-01,0.0113591,1.3143e+10,0.0286786,8.9207e+09
2026-04-01,0.0113846,1.2976e+10,0.0287746,8.4695e+09
2026-05-01,0.0116267,1.2538e+10,0.0291277,8.1425e+09
2026-06-01,0.0120642,1.215e+10,0.0300699,7.3582e+09
2026-07-01,0.0127138,1.1943e+10,0.0318956,7.0978e+09
2026-08-01,0.0138816,1.1071e+10,0.0358879,6.2764e+09
2026-09-01,0.0144295,1.0338e+10,0.038354,5.3613e+09
2026-10-01,0.0148985,9.8243e+09,0.0396198,5.1248e+09
