date,top_k_size,unpriced_count,unpriced_volume_share,unpriced_names
2016-01-01,1,0,0,
2016-02-01,1,0,0,
2016-03-01,2,0,0,
2016-04-01,2,0,0,
2016-05-01,2,0,0,
2016-06-01,2,0,0,
2016-07-01,2,0,0,
2016-08-01,2,0,0,
2016-09-01,2,0,0,
2016-10-01,2,0,0,
2016-11-01,4,0,0,
2016-12-01,5,0,0,
2017-01-01,4,0,0,
2017-02-01,3,0,0,
2017-03-01,5,0,0,
2017-04-01,6,0,0,
2017-05-01,8,0,0,
2017-06-01,16,2,0.00509687,FCT STRAT
2017-07-01,20,6,0.016407,SC BTS FCT STRAT NXT STEEM
2017-08-01,20,6,0.0201068,SC BTS STRAT NXT FCT BCN
2017-09-01,20,5,0.0175066,STRAT BTS SC NXT FCT
2017-10-01,20,8,0.0306194,MIOTA EOS STRAT BTS NXT SC FCT BCN
2017-11-01,20,5,0.0180655,MIOTA EOS STRAT NXT BTS
2017-12-01,20,4,0.013441,MIOTA EOS STRAT BTS
2018-01-01,20,5,0.0261865,MIOTA EOS ETP STRAT LSK
2018-02-01,20,4,0.0572176,EOS MIOTA TRX BTS
2018-03-01,20,3,0.0590628,EOS TRX MIOTA
2018-04-01,20,3,0.072232,EOS TRX MIOTA
2018-05-01,20,3,0.0693972,EOS TRX MIOTA
2018-06-01,20,4,0.116082,EOS TRX MIOTA IOST
2018-07-01,20,4,0.157628,EOS TRX ONT MIOTA
2018-08-01,20,5,0.165316,EOS TRX MIOTA ONT MITH
2018-09-01,20,4,0.137282,EOS TRX ONT MIOTA
2018-10-01,20,1,0.00966085,MIOTA
2018-11-01,20,2,0.0125107,MIOTA NANO
2018-12-01,20,1,0.00594532,MIOTA
2019-01-01,20,1,0.00323234,MIOTA
2019-02-01,20,2,0.00434316,MIOTA WAVES
2019-03-01,20,1,0.0034651,WAVES
2019-04-01,20,1,0.00263795,WAVES
2019-05-01,20,0,0,
2019-06-01,20,1,0.00958211,HT
2019-07-01,20,1,0.0112417,ZB
2019-08-01,20,1,0.007804,ZB
2019-09-01,20,1,0.00939696,ZB
2019-10-01,20,1,0.0132652,ZB
2019-11-01,20,1,0.0183315,ZB
2019-12-01,20,1,0.0373483,ZB
2020-01-01,20,2,0.0598211,ZB SEELE
2020-02-01,20,2,0.0558935,ZB SEELE
2020-03-01,20,2,0.0170422,ZB SEELE
2020-04-01,20,1,0.00629822,ZB
2020-05-01,20,2,0.0175286,OKB ZB
2020-06-01,20,2,0.020784,OKB ZB
2020-07-01,20,1,0.0161018,OKB
2020-08-01,20,1,0.0161196,OKB
2020-09-01,20,1,0.0119196,OKB
2020-10-01,20,2,0.0169828,OKB SXP
2020-11-01,20,3,0.0284616,DOT OKB YFII
2020-12-01,20,1,0.00668769,OKB
2021-01-01,20,1,0.00518081,OKB
2021-02-01,20,1,0.00493849,OKB
2021-03-01,20,0,0,
2021-04-01,20,0,0,
2021-05-01,20,0,0,
2021-06-01,20,0,0,
2021-07-01,20,0,0,
2021-08-01,20,1,0.0112152,OKB
2021-09-01,20,1,0.0107172,OKB
2021-10-01,20,1,0.0091477,OKB
2021-11-01,20,0,0,
2021-12-01,20,0,0,
2022-01-01,20,1,0.0106416,OKB
2022-02-01,20,0,0,
2022-03-01,20,0,0,
2022-04-01,20,0,0,
2022-05-01,20,1,0.0167774,LUNA2
2022-06-01,20,1,0.0179143,LUNA2
2022-07-01,20,1,0.0112721,LUNA2
2022-08-01,20,0,0,
2022-09-01,20,0,0,
2022-10-01,20,0,0,
2022-11-01,20,0,0,
2022-12-01,20,0,0,
2023-01-01,20,0,0,
2023-02-01,20,0,0,
2023-03-01,20,0,0,
2023-04-01,20,0,0,
2023-05-01,20,0,0,
2023-06-01,20,0,0,
2023-07-01,20,0,0,
2023-08-01,20,0,0,
2023-09-01,20,0,0,
2023-10-01,20,0,0,
2023-11-01,20,0,0,
2023-12-01,20,1,0.00673963,ARK
2024-01-01,20,2,0.0172224,ORDI BLUR
2024-02-01,20,2,0.0218371,ORDI BLUR
2024-03-01,20,0,0,
2024-04-01,20,0,0,
2024-05-01,20,1,0.007565,WIF
2024-06-01,20,2,0.0171927,WIF MXC
2024-07-01,20,1,0.00643454,ONDO
2024-08-01,20,1,0.00626732,ONDO
2024-09-01,20,2,0.0106952,MNT ONDO
2024-10-01,20,1,0.00400947,MNT
2024-11-01,20,0,0,
2024-12-01,20,0,0,
2025-01-01,20,1,0.00576786,NEIROCTO
2025-02-01,20,1,0.00549476,PNUT
2025-03-01,20,1,0.00630092,ONDO
2025-04-01,20,2,0.0204514,TRUMP ONDO
2025-05-01,20,1,0.00532244,ONDO
2025-06-01,20,2,0.00979389,MNT ONDO
2025-07-01,20,2,0.0104729,MNT VIRTUAL
2025-08-01,20,0,0,
2025-09-01,20,0,0,
2025-10-01,20,1,0.00526641,MNT
2025-11-01,20,2,0.0108493,MNT PUMP
2025-12-01,20,2,0.00891187,PUMP HYPE
2026-01-01,20,2,0.0122246,ASTER HYPE
2026-02-01,20,1,0.00483938,HYPE
2026-03-01,20,1,0.00542785,HYPE
2026-04-01,20,1,0.00620855,HYPE
2026-05-01,20,1,0.00854633,HYPE
2026-06-01,20,1,0.0104667,HYPE
2026-07-01,20,1,0.0150345,HYPE
2026-08-01,20,1,0.0199732,HYPE
2026-09-01,20,1,0.0203123,HYPE
