symbol,symbol,history_start,history_end,history_days,max_drawdown,max_drawdown_peak,max_drawdown_trough,drawdown_now,vol_ann,amihud_first_year,amihud_last_year,median_volume_first_year,median_volume_last_year,months_in_universe,months_listed,price_source
BTC,BTC,2015-01-01,2026-09-27,4288,-0.8378314335358026,2017-12-16,2018-12-15,-0.3239107242210961,0.6690855249667048,11.869540205372674,0.01497636451360803,13390000.0,9824300000.0,129,129,coinmetrics
ETH,ETH,2015-08-08,2026-09-27,4069,-0.9399844074298017,2018-01-13,2018-12-15,-0.4441874684984076,1.010216520331239,694.5498162818122,0.03978046369560729,5482100.0,5138700000.0,127,129,coinmetrics
SOL,SOL,2020-08-11,2026-09-27,2239,-0.9627488787634395,2021-11-06,2022-12-29,-0.5338001356140263,1.1383042594341375,27.151903350249032,0.18412496207747045,80855000.0,1280400000.0,63,73,binance
UNI,UNI,2020-09-18,2026-09-27,2201,-0.9450842460359464,2021-05-04,2026-06-10,-0.7781336898780122,1.0941636295500683,2.530488078200298,3.918574201889612,292100000.0,70902000.0,14,72,coinmetrics
AAVE,AAVE,2020-10-10,2026-09-27,2179,-0.9213982383610164,2021-05-18,2022-06-18,-0.7534028299340484,1.0865953973610045,42.172057795869186,3.1645954752913203,197160000.0,98541000.0,25,71,coinmetrics
LDO,LDO,2021-09-11,2026-09-27,1843,-0.9585770769279127,2021-09-19,2026-06-30,-0.914749258989094,1.2430804201093026,132.57431290925456,23.397898943759007,5219000.0,12404000.0,2,60,coinmetrics
LINK,LINK,2017-09-29,2026-09-27,3286,-0.9011779012450224,2021-05-09,2023-06-19,-0.7294709703022983,1.1673152167034977,398.225881765517,1.692458199630823,3066800.0,135710000.0,87,108,coinmetrics
ARB,ARB,2023-03-23,2026-09-27,1285,-0.9678076296931024,2024-01-11,2026-08-15,-0.8998967778372992,0.9670706335917131,1.7540220868052867,10.442142616540293,163710000.0,27729000.0,14,42,binance
OP,OP,2022-06-01,2026-09-27,1580,-0.9825698541512594,2024-03-09,2026-08-18,-0.9682703719261393,1.1637640250651946,8.321789493680624,20.77595582134283,77336000.0,15755000.0,13,51,binance
CRV,CRV,2020-08-15,2026-09-27,2235,-0.9743150302069465,2020-08-15,2026-06-05,-0.949887870957979,1.3331062908131768,12.872496663151361,14.855946129584494,77690000.0,20321000.0,0,73,coinmetrics
COMP,COMP,2020-06-18,2026-09-27,2293,-0.9823214822049176,2021-05-11,2026-06-30,-0.971609872698851,1.0626958875607835,21.38340130678499,57.98057510553806,37881000.0,4430800.0,0,75,coinmetrics
