regime,label,start,end,strategy,days,total_return,ann_return,ann_vol,sharpe_rf0,sharpe_se,max_drawdown,total_return_net_of_cost
r2016_17,2016-17 run-up to the ICO peak,2016-01-01,2017-12-17,Equal weight,717,156.293,12.1301,0.922423,3.25939,1.79252,-0.496447,156.293
r2016_17,2016-17 run-up to the ICO peak,2016-01-01,2017-12-17,Inverse vol,717,142.352,11.5242,0.841704,3.42943,1.87153,-0.470999,142.352
r2016_17,2016-17 run-up to the ICO peak,2016-01-01,2017-12-17,Min-var (LW),717,192.765,13.6007,0.860475,3.53907,1.92278,-0.442142,192.765
r2016_17,2016-17 run-up to the ICO peak,2016-01-01,2017-12-17,"Inverse vol, capped @ $10M",717,37.8094,5.43981,0.723075,2.94136,1.64657,-0.459596,37.8094
r2016_17,2016-17 run-up to the ICO peak,2016-01-01,2017-12-17,"Inverse vol, capped @ $100M",717,9.67977,2.33892,0.538473,2.50316,1.45049,-0.396741,9.67977
r2016_17,2016-17 run-up to the ICO peak,2016-01-01,2017-12-17,"Inverse vol, capped @ $1B",717,0.903716,0.387829,0.126303,2.65759,1.51881,-0.076567,0.903716
r2016_17,2016-17 run-up to the ICO peak,2016-01-01,2017-12-17,BTC buy & hold,717,43.8022,5.92818,0.736047,2.99908,1.67286,-0.357562,43.8022
r2018,2018 bust,2017-12-18,2018-12-15,Equal weight,363,-0.843743,-0.845332,1.11441,-1.10485,1.27249,-0.925239,-0.843743
r2018,2018 bust,2017-12-18,2018-12-15,Inverse vol,363,-0.829395,-0.831049,1.08708,-1.07998,1.26171,-0.917613,-0.829395
r2018,2018 bust,2017-12-18,2018-12-15,Min-var (LW),363,-0.657653,-0.659669,0.928731,-0.696523,1.11777,-0.836882,-0.657653
r2018,2018 bust,2017-12-18,2018-12-15,"Inverse vol, capped @ $10M",363,-0.837541,-0.839159,1.082,-1.135,1.28576,-0.917798,-0.837541
r2018,2018 bust,2017-12-18,2018-12-15,"Inverse vol, capped @ $100M",363,-0.828542,-0.8302,1.04902,-1.15418,1.29431,-0.907609,-0.828542
r2018,2018 bust,2017-12-18,2018-12-15,"Inverse vol, capped @ $1B",363,-0.578713,-0.580714,0.6232,-1.07438,1.2593,-0.665441,-0.578713
r2018,2018 bust,2017-12-18,2018-12-15,BTC buy & hold,363,-0.834546,-0.836178,0.841828,-1.71811,1.57785,-0.832206,-0.834546
r2019_20,"2019 to Mar 2020, incl. COVID crash",2018-12-16,2020-03-31,Equal weight,472,0.395775,0.294156,0.907511,0.75805,0.997743,-0.681985,0.395775
r2019_20,"2019 to Mar 2020, incl. COVID crash",2018-12-16,2020-03-31,Inverse vol,472,0.418056,0.310102,0.893696,0.769852,1.00123,-0.672193,0.418056
r2019_20,"2019 to Mar 2020, incl. COVID crash",2018-12-16,2020-03-31,Min-var (LW),472,0.643283,0.468288,0.776607,0.905667,1.04425,-0.571442,0.643283
r2019_20,"2019 to Mar 2020, incl. COVID crash",2018-12-16,2020-03-31,"Inverse vol, capped @ $10M",472,0.417687,0.309838,0.894088,0.769609,1.00116,-0.671904,0.417687
r2019_20,"2019 to Mar 2020, incl. COVID crash",2018-12-16,2020-03-31,"Inverse vol, capped @ $100M",472,0.205918,0.155802,0.896537,0.629957,0.962677,-0.704101,0.205918
r2019_20,"2019 to Mar 2020, incl. COVID crash",2018-12-16,2020-03-31,"Inverse vol, capped @ $1B",472,-0.069512,-0.0541901,0.578039,0.217894,0.889754,-0.625353,-0.069512
r2019_20,"2019 to Mar 2020, incl. COVID crash",2018-12-16,2020-03-31,BTC buy & hold,472,1.01954,0.72208,0.805407,1.09523,1.11225,-0.614465,1.01954
r2020_21,"2020-21 bull (DeFi, peak Nov 2021)",2020-04-01,2021-11-10,Equal weight,589,12.0278,3.90772,0.925837,2.19486,1.45339,-0.656903,12.0278
r2020_21,"2020-21 bull (DeFi, peak Nov 2021)",2020-04-01,2021-11-10,Inverse vol,589,12.3191,3.97542,0.914086,2.22446,1.46727,-0.646263,12.3191
r2020_21,"2020-21 bull (DeFi, peak Nov 2021)",2020-04-01,2021-11-10,Min-var (LW),589,33.6768,8.0023,0.914469,2.85261,1.7723,-0.509555,33.6768
r2020_21,"2020-21 bull (DeFi, peak Nov 2021)",2020-04-01,2021-11-10,"Inverse vol, capped @ $10M",589,12.3525,3.98316,0.914284,2.22588,1.46794,-0.646263,12.3525
r2020_21,"2020-21 bull (DeFi, peak Nov 2021)",2020-04-01,2021-11-10,"Inverse vol, capped @ $100M",589,12.3772,3.98887,0.915077,2.22598,1.46799,-0.646263,12.3772
r2020_21,"2020-21 bull (DeFi, peak Nov 2021)",2020-04-01,2021-11-10,"Inverse vol, capped @ $1B",589,10.3685,3.51038,0.828242,2.24614,1.47747,-0.64766,10.3685
r2020_21,"2020-21 bull (DeFi, peak Nov 2021)",2020-04-01,2021-11-10,BTC buy & hold,589,9.0672,3.18309,0.708866,2.3743,1.53831,-0.530832,9.0672
r2022,"2022 deleveraging: LUNA, 3AC, FTX",2021-11-11,2022-11-21,Equal weight,376,-0.806504,-0.796979,0.899794,-1.30776,1.34195,-0.811386,-0.806504
r2022,"2022 deleveraging: LUNA, 3AC, FTX",2021-11-11,2022-11-21,Inverse vol,376,-0.784931,-0.775041,0.857615,-1.29812,1.33741,-0.791014,-0.784931
r2022,"2022 deleveraging: LUNA, 3AC, FTX",2021-11-11,2022-11-21,Min-var (LW),376,-0.540344,-0.529772,0.711212,-0.699041,1.09906,-0.624174,-0.540344
r2022,"2022 deleveraging: LUNA, 3AC, FTX",2021-11-11,2022-11-21,"Inverse vol, capped @ $10M",376,-0.784931,-0.775041,0.857615,-1.29812,1.33741,-0.791014,-0.784931
r2022,"2022 deleveraging: LUNA, 3AC, FTX",2021-11-11,2022-11-21,"Inverse vol, capped @ $100M",376,-0.784718,-0.774825,0.857555,-1.29716,1.33695,-0.791014,-0.784718
r2022,"2022 deleveraging: LUNA, 3AC, FTX",2021-11-11,2022-11-21,"Inverse vol, capped @ $1B",376,-0.811408,-0.801976,0.837655,-1.50032,1.43642,-0.817384,-0.811408
r2022,"2022 deleveraging: LUNA, 3AC, FTX",2021-11-11,2022-11-21,BTC buy & hold,376,-0.756347,-0.746071,0.659343,-1.74096,1.56265,-0.757685,-0.756347
r2023_now,"Nov 2022 to now, incl. spot ETFs",2022-11-22,2026-09-27,Equal weight,1406,0.247718,0.0591366,0.665964,0.420393,0.531546,-0.770246,0.247718
r2023_now,"Nov 2022 to now, incl. spot ETFs",2022-11-22,2026-09-27,Inverse vol,1406,0.666134,0.141711,0.606127,0.522714,0.543201,-0.705431,0.666134
r2023_now,"Nov 2022 to now, incl. spot ETFs",2022-11-22,2026-09-27,Min-var (LW),1406,4.23687,0.536995,0.406834,1.26027,0.682467,-0.374744,4.23687
r2023_now,"Nov 2022 to now, incl. spot ETFs",2022-11-22,2026-09-27,"Inverse vol, capped @ $10M",1406,0.666134,0.141711,0.606127,0.522714,0.543201,-0.705431,0.666134
r2023_now,"Nov 2022 to now, incl. spot ETFs",2022-11-22,2026-09-27,"Inverse vol, capped @ $100M",1406,0.729161,0.152769,0.608684,0.538828,0.545241,-0.704548,0.729161
r2023_now,"Nov 2022 to now, incl. spot ETFs",2022-11-22,2026-09-27,"Inverse vol, capped @ $1B",1406,0.925066,0.185339,0.58238,0.583299,0.551149,-0.71971,0.925066
r2023_now,"Nov 2022 to now, incl. spot ETFs",2022-11-22,2026-09-27,BTC buy & hold,1406,4.34874,0.545451,0.45962,1.17565,0.662575,-0.531141,4.34874
