symbol,vol_ann,return_total,max_drawdown,history_days,corr_btc,max_position_at_cap_usd,weight_equal,max_aum_before_cap_equal,weight_inverse_vol,max_aum_before_cap_inverse_vol,weight_min_var,max_aum_before_cap_min_var
BTC,0.390237,-0.247199,-0.530494,365,,3.01884e+09,0.05,6.03767e+10,0.0983018,3.07099e+10,0.613518,4.92054e+09
ETH,0.535122,-0.350786,-0.666156,365,0.8824,1.27667e+09,0.05,2.55334e+10,0.0716864,1.78091e+10,0.0532219,2.39876e+10
SOL,0.55823,-0.421319,-0.735164,365,0.835294,3.26867e+08,0.05,6.53734e+09,0.0687188,4.75659e+09,0.0281183,1.16247e+10
HYPE,0.731394,0.943767,-0.583621,365,0.643997,1.08335e+08,0.05,2.1667e+09,0.052449,2.06553e+09,0,
UNI,0.988161,0.247954,-0.74553,365,0.47585,7.57445e+07,0.05,1.51489e+09,0.0388205,1.95114e+09,0,
AAVE,0.82831,-0.438409,-0.795253,365,0.697863,2.55529e+07,0.05,5.11059e+08,0.0463123,5.51753e+08,0,
SKY,0.723242,0.197914,-0.450021,365,0.502878,1.33059e+06,0.05,2.66118e+07,0.0530403,2.50864e+07,0.0604952,2.1995e+07
LDO,0.907944,-0.558371,-0.814847,365,0.392229,4.61781e+06,0.05,9.23562e+07,0.0422503,1.09296e+08,0.0166354,2.7759e+08
LINK,0.641341,-0.353339,-0.693433,365,0.745136,4.61e+07,0.05,9.22001e+08,0.0598137,7.70728e+08,0,
ARB,1.297,-0.4745,-0.841486,365,0.427086,3.60887e+07,0.05,7.21773e+08,0.0295767,1.22017e+09,0,
OP,0.87835,-0.781551,-0.892113,365,0.618226,7.95311e+06,0.05,1.59062e+08,0.0436739,1.82102e+08,0,
PENDLE,0.771279,-0.453741,-0.79757,365,0.498321,6.50208e+06,0.05,1.30042e+08,0.0497368,1.3073e+08,0,
JUP,0.994061,-0.174584,-0.700395,365,0.490054,7.78298e+06,0.05,1.5566e+08,0.0385901,2.01683e+08,0,
CRV,0.872858,-0.498896,-0.767967,365,0.526762,6.73115e+06,0.05,1.34623e+08,0.0439487,1.53159e+08,0,
ENA,1.19251,-0.546141,-0.887128,365,0.561892,4.67657e+07,0.05,9.35313e+08,0.0321682,1.45378e+09,0,
COMP,0.563801,-0.414006,-0.65448,365,0.63082,1.97644e+06,0.05,3.95288e+07,0.0680399,2.90483e+07,0.146425,1.34979e+07
AERO,0.936877,-0.224466,-0.746347,365,0.488127,4.13829e+06,0.05,8.27658e+07,0.0409456,1.01068e+08,0.00293623,1.40939e+09
ONDO,0.934735,-0.350886,-0.749152,365,0.509698,1.12415e+07,0.05,2.24831e+08,0.0410394,2.7392e+08,0,
MORPHO,0.849778,0.555473,-0.488688,365,0.301947,3.40852e+06,0.05,6.81704e+07,0.0451423,7.55061e+07,0.0786498,4.33379e+07
JTO,1.07317,-0.632948,-0.855778,365,0.400782,3.46729e+06,0.05,6.93459e+07,0.0357453,9.69999e+07,0,
